Name of Covered Entity,State,Covered Entity Type,Individuals Affected,Breach Submission Date,Type of Breach,Location of Breached Information,Business Associate Present,lon,lat
"Crawford Wellness Center, Inc",TX,Healthcare Provider,1500,2/11/2019,Theft,Paper/Films,No,31.054487,-97.563461
"Green Ridge Behavioral Health, LLC",MD,Healthcare Provider,14000,2/11/2019,Hacking/IT Incident,"Electronic Medical Record, Network Server",No,39.063946,-76.802101
"Kentucky Counseling Center, LLC",KY,Healthcare Provider,16440,2/11/2019,Unauthorized Access/Disclosure,Electronic Medical Record,No,37.66814,-84.670067
Rush University Medical Center,IL,Healthcare Provider,908,2/11/2019,Unauthorized Access/Disclosure,Paper/Films,No,40.349457,-88.986137
"USR Holdings, LLC",FL,Business Associate,2903,2/8/2019,Hacking/IT Incident,Network Server,Yes,38.897438,-77.026817
AZ Plastic Surgery Center ,AZ,Healthcare Provider,5524,2/8/2019,Hacking/IT Incident,Network Server,No,34.969704,-92.373123
AdventHealth Medical Group,FL,Healthcare Provider,42161,2/5/2019,Hacking/IT Incident,Network Server,No,38.897438,-77.026817
"United Hospital District, Inc.",MN,Healthcare Provider,2143,2/4/2019,Hacking/IT Incident,Email,No,45.694454,-93.900192
"Lakeland Care, Inc.",WI,Healthcare Provider,1300,2/4/2019,Hacking/IT Incident,Email,No,44.268543,-89.616508
Rainbow Dental Care PLLC,TX,Healthcare Provider,10000,2/4/2019,Hacking/IT Incident,Desktop Computer,No,31.054487,-97.563461
Anesthesia Associates of Kansas City,KS,Healthcare Provider,3472,2/1/2019,Theft,Paper/Films,No,38.5266,-96.726486
"Reproductive Medicine and Infertility Associates, P.A.",MN,Healthcare Provider,40000,2/1/2019,Hacking/IT Incident,"Desktop Computer, Network Server",No,45.694454,-93.900192
CHI - Lakewood Health,MN,Healthcare Provider,885,1/31/2019,Unauthorized Access/Disclosure,Email,No,45.694454,-93.900192
CVS Pharmacy,RI,Healthcare Provider,5645,1/30/2019,Theft,Paper/Films,Yes,41.680893,-71.51178
Aetna,CT,Health Plan,2030,1/30/2019,Hacking/IT Incident,Email,Yes,41.597782,-72.755371
"Cambridge Healthcare Services, LLC",CA,Business Associate,10866,1/29/2019,Theft,Laptop,Yes,36.116203,-119.681564
Roper St. Francis Healthcare,SC,Healthcare Provider,35253,1/29/2019,Hacking/IT Incident,Email,No,33.856892,-80.945007
"Lanier Family & Cosmetic Dentistry, P.C.",GA,Healthcare Provider,1950,1/29/2019,Unauthorized Access/Disclosure,Email,No,27.766279,-81.686783
Pawnee County Memorial Hospital,NE,Healthcare Provider,7038,1/28/2019,Hacking/IT Incident,Email,No,41.12537,-98.268082
"Verity Health System of California, Inc.  ",CA,Business Associate,2988,1/26/2019,Hacking/IT Incident,Email,Yes,36.116203,-119.681564
"Dr. DeLuca Dr. Marciano & Associates, P.C. ",CT,Healthcare Provider,23578,1/25/2019,Hacking/IT Incident,"Desktop Computer, Electronic Medical Record, Network Server",No,41.597782,-72.755371
Valley Professionals Community Health Center,IN,Healthcare Provider,12029,1/25/2019,Hacking/IT Incident,Email,No,39.849426,-86.258278
HealthFitness,IL,Business Associate,1808,1/25/2019,Unauthorized Access/Disclosure,Other,Yes,40.349457,-88.986137
Sunflower State Health Plan,KS,Health Plan,1625,1/25/2019,Unauthorized Access/Disclosure,Other,No,38.5266,-96.726486
"Unum Group, on behalf of its subsidiaries - Unum Life Insurance and Colonial Life & Accident Insurance",TN,Health Plan,532,1/24/2019,Hacking/IT Incident,Email,No,35.747845,-86.692345
EyeSouth Partners,GA,Business Associate,24113,1/23/2019,Hacking/IT Incident,Email,Yes,27.766279,-81.686783
Stonehaven Dental,TX,Healthcare Provider,6289,1/22/2019,Theft,Network Server,No,31.054487,-97.563461
"Critical Care, Pulmonary and Sleep Associates, PLLP",CO,Healthcare Provider,23377,1/21/2019,Hacking/IT Incident,Email,No,39.059811,-105.311104
Valley Hope Association,KS,Healthcare Provider,70799,1/18/2019,Hacking/IT Incident,Email,No,38.5266,-96.726486
Tri-Cities Chaplaincy,WA,Healthcare Provider,1086,1/18/2019,Hacking/IT Incident,Email,No,47.400902,-121.490494
"FABEN Obstetrics and Gynecology, LLC",FL,Healthcare Provider,6092,1/18/2019,Hacking/IT Incident,Network Server,No,38.897438,-77.026817
"Integrity, Inc. d/b/a Integrity House",NJ,Healthcare Provider,7206,1/18/2019,Theft,"Desktop Computer, Laptop",No,40.298904,-74.521011
"Las Colinas Orthopedic Surgery & Sports Medicine, PA",TX,Healthcare Provider,76000,1/18/2019,Theft,Other Portable Electronic Device,Yes,31.054487,-97.563461
Humana Inc.,KY,Health Plan,598,1/15/2019,Hacking/IT Incident,Other,No,37.66814,-84.670067
"Premier Specialties, Incorporated",TX,Healthcare Provider,1300,1/14/2019,Unauthorized Access/Disclosure,Paper/Films,No,31.054487,-97.563461
Sacred Heart Rehabilitation Center,MI,Healthcare Provider,2266,1/10/2019,Unauthorized Access/Disclosure,Email,No,43.326618,-84.536095
Humana Inc,KY,Health Plan,1211,1/9/2019,Unauthorized Access/Disclosure,Other,Yes,37.66814,-84.670067
"Family Physicians of Winter Park, Inc. ",KY,Healthcare Provider,8429,1/8/2019,Hacking/IT Incident,Email,No,37.66814,-84.670067
Dermacare Brickell,FL,Healthcare Provider,1800,1/7/2019,Improper Disposal,Paper/Films,No,38.897438,-77.026817
NORTH ATLANTA MEDICAL CLINIC ,GA,Healthcare Provider,2800,1/6/2019,Hacking/IT Incident,Desktop Computer,No,27.766279,-81.686783
Managed Health Services,IN,Health Plan,31300,1/3/2019,Hacking/IT Incident,Email,Yes,39.849426,-86.258278
Managed Health Services,IN,Health Plan,576,1/3/2019,Unauthorized Access/Disclosure,Paper/Films,No,39.849426,-86.258278
Centerstone Insurance and Financial Services (d/b/a BenefitMall),TX,Business Associate,111589,1/3/2019,Hacking/IT Incident,Email,Yes,31.054487,-97.563461
Humana Inc ,KY,Health Plan,684,12/31/2018,Theft,Paper/Films,No,37.66814,-84.670067
Choice Rehabilitation,MO,Business Associate,4309,12/29/2018,Hacking/IT Incident,"Email, Laptop",Yes,38.456085,-92.288368
Wolverine Solutions Group,MI,Business Associate,48471,12/28/2018,Hacking/IT Incident,"Desktop Computer, Network Server",Yes,43.326618,-84.536095
WEA Insurance Corporation,WI,Health Plan,850,12/27/2018,Hacking/IT Incident,Email,No,44.268543,-89.616508
Kent County Community Mental Health Authority,MI,Healthcare Provider,2284,12/21/2018,Hacking/IT Incident,Email,No,43.326618,-84.536095
JAND Inc. d/b/a Warby Parker ,NY,Healthcare Provider,177890,12/20/2018,Hacking/IT Incident,Network Server,No,42.165726,-74.948051
The Podiatric Offices of Bobby Yee,CA,Healthcare Provider,24000,12/20/2018,Hacking/IT Incident,"Desktop Computer, Laptop, Other Portable Electronic Device",No,36.116203,-119.681564
Dermatologists of Southwest Ohio,OH,Healthcare Provider,733,12/20/2018,Improper Disposal,Paper/Films,No,40.388783,-82.764915
"Virtual Radiologic Professionals, LLC",MN,Healthcare Provider,2568,12/19/2018,Hacking/IT Incident,Other,Yes,45.694454,-93.900192
Tift Regional Medical Center,GA,Healthcare Provider,1045,12/18/2018,Hacking/IT Incident,Email,No,27.766279,-81.686783
Barnes-Jewish Hospital,MO,Healthcare Provider,1643,12/18/2018,Hacking/IT Incident,Network Server,No,38.456085,-92.288368
University of Vermont Health Network - Elizabethtown Community Hospital,NY,Healthcare Provider,32470,12/17/2018,Hacking/IT Incident,Email,No,42.165726,-74.948051
Fort Defiance Indian Hospital,AZ,Healthcare Provider,1000,12/17/2018,Hacking/IT Incident,Desktop Computer,No,34.969704,-92.373123
"Ben-Ora, Hansen & Vanesian Imaging, Ltd d/b/a Solis Mammography",AZ,Healthcare Provider,500,12/16/2018,Theft,Desktop Computer,No,34.969704,-92.373123
Massachusetts General Hospital,MA,Healthcare Provider,588,12/14/2018,Unauthorized Access/Disclosure,Paper/Films,No,42.230171,-71.530106
Contra Costa Health Plan,CA,Health Plan,862,12/13/2018,Unauthorized Access/Disclosure,"Electronic Medical Record, Email",No,36.116203,-119.681564
Smile Designs by Sandwick ,MN,Healthcare Provider,900,12/13/2018,Hacking/IT Incident,Other,No,45.694454,-93.900192
"Alpha-Omega Endocrinology, Diabetes and Metabolism Center, PC",AZ,Healthcare Provider,1000,12/12/2018,Unauthorized Access/Disclosure,"Desktop Computer, Electronic Medical Record, Email, Network Server, Other, Other Portable Electronic Device, Paper/Films",No,34.969704,-92.373123
Adams County,WI,Healthcare Provider,258120,12/11/2018,Unauthorized Access/Disclosure,"Network Server, Other",No,44.268543,-89.616508
Ramsey County,MN,Healthcare Provider,599,12/11/2018,Hacking/IT Incident,Email,No,45.694454,-93.900192
"Leon A Cohen MM.,PA",FL,Healthcare Provider,2122,12/8/2018,Improper Disposal,Paper/Films,No,38.897438,-77.026817
Butler County Board of County Commissioners,OH,Health Plan,1912,12/4/2018,Unauthorized Access/Disclosure,Email,No,40.388783,-82.764915
Georgia Department of Human Services,GA,Business Associate,435339,11/30/2018,Unauthorized Access/Disclosure,"Network Server, Other Portable Electronic Device",Yes,27.766279,-81.686783
"CHI Health Care, Inc.",MD,Healthcare Provider,722,11/30/2018,Unauthorized Access/Disclosure,"Other Portable Electronic Device, Paper/Films",No,39.063946,-76.802101
"Mind and Motion, LLC",GA,Healthcare Provider,16000,11/30/2018,Hacking/IT Incident,Network Server,No,27.766279,-81.686783
CCRM Dallas-Fort Worth,TX,Healthcare Provider,1117,11/30/2018,Hacking/IT Incident,Email,No,31.054487,-97.563461
Thielen Student Health Center,IA,Healthcare Provider,599,11/30/2018,Unauthorized Access/Disclosure,Email,No,21.094318,-157.498337
"Prairie Fields Family Medicine, PC",NE,Healthcare Provider,6450,11/30/2018,Unauthorized Access/Disclosure,Email,No,41.12537,-98.268082
"OrthoTexas Physicians and Surgeons, PLLC",TX,Healthcare Provider,2172,11/28/2018,Unauthorized Access/Disclosure,Paper/Films,Yes,31.054487,-97.563461
Steward Medical Group,MA,Healthcare Provider,16276,11/28/2018,Hacking/IT Incident,Network Server,Yes,42.230171,-71.530106
" AccuDoc Solutions, Inc.",NC,Business Associate,2652537,11/27/2018,Hacking/IT Incident,Network Server,Yes,35.630066,-79.806419
Cancer Treatment Centers of America (CTCA) at Western Regional Medical Center,AZ,Healthcare Provider,41948,11/26/2018,Hacking/IT Incident,Email,No,34.969704,-92.373123
Mercy Medical Center- North Iowa,IA,Healthcare Provider,1971,11/26/2018,Unauthorized Access/Disclosure,Electronic Medical Record,No,21.094318,-157.498337
"East End Disability Associates, Inc.",NY,Healthcare Provider,896,11/20/2018,Hacking/IT Incident,Email,No,42.165726,-74.948051
Episcopal Health Services,NY,Healthcare Provider,218055,11/19/2018,Hacking/IT Incident,Email,No,42.165726,-74.948051
Inova Health System,VA,Business Associate,857,11/19/2018,Hacking/IT Incident,Electronic Medical Record,Yes,37.769337,-78.169968
"James R. Etzkorn, MD",MO,Healthcare Provider,6845,11/19/2018,Unauthorized Access/Disclosure,Paper/Films,No,38.456085,-92.288368
"HealthEquity, Inc.",UT,Business Associate,165800,11/17/2018,Hacking/IT Incident,Email,Yes,40.150032,-111.862434
"Texas VSI, LLC",TX,Business Associate,500,11/16/2018,Hacking/IT Incident,Network Server,Yes,31.054487,-97.563461
"New York Oncology Hematology, P.C.",NY,Healthcare Provider,128400,11/16/2018,Hacking/IT Incident,Email,No,42.165726,-74.948051
Center for Vitreo-Retinal Diseases,IL,Healthcare Provider,20371,11/16/2018,Unauthorized Access/Disclosure,Network Server,No,40.349457,-88.986137
"Georgia Spine & Orthopaedics of Atlanta, LLC",GA,Healthcare Provider,7012,11/16/2018,Hacking/IT Incident,Email,No,27.766279,-81.686783
"American Medical Response, Inc.",TX,Healthcare Provider,912,11/9/2018,Hacking/IT Incident,Email,Yes,31.054487,-97.563461
SUNY Upstate Medical University,NY,Healthcare Provider,1216,11/9/2018,Unauthorized Access/Disclosure,Electronic Medical Record,No,42.165726,-74.948051
Utah Healing Center,UT,Healthcare Provider,543,11/7/2018,Unauthorized Access/Disclosure,Paper/Films,No,40.150032,-111.862434
"Southwest Washington Regional Surgery Center, LLC",WA,Healthcare Provider,2393,11/6/2018,Hacking/IT Incident,Email,No,47.400902,-121.490494
Veterans Health Administration,DC,Healthcare Provider,19254,11/6/2018,Unauthorized Access/Disclosure,Paper/Films,Yes,39.318523,-75.507141
FHN Family Counseling Center,IL,Healthcare Provider,4458,11/3/2018,Theft,Laptop,No,40.349457,-88.986137
Rollins Brook Community Hospital,TX,Healthcare Provider,5019,11/2/2018,Loss,Paper/Films,No,31.054487,-97.563461
Summit Medical Group,NJ,Healthcare Provider,525,11/2/2018,Loss,Paper/Films,No,40.298904,-74.521011
"Oprex Surgery (Baytown), L.P. d/b/a Altus Baytown Hospital",TX,Healthcare Provider,40000,11/2/2018,Hacking/IT Incident,"Desktop Computer, Network Server",No,31.054487,-97.563461
Inova Health System,VA,Healthcare Provider,12331,11/2/2018,Theft,"Electronic Medical Record, Paper/Films",No,37.769337,-78.169968
Dallas County Mental Health Mental Retardation Center dba Metrocare Services,TX,Healthcare Provider,1804,11/1/2018,Hacking/IT Incident,Email,No,31.054487,-97.563461
HealthFitness,IL,Business Associate,614,10/28/2018,Unauthorized Access/Disclosure,Other,Yes,40.349457,-88.986137
"Raley's/Bel Air Mart/Nob Hill General Store, Inc.",CA,Healthcare Provider,10124,10/26/2018,Theft,Laptop,No,36.116203,-119.681564
"CNO Financial Group, Inc.",IN,Health Plan,566217,10/25/2018,Unauthorized Access/Disclosure,Other,No,39.849426,-86.258278
Missouri Department of Mental Health,MO,Healthcare Provider,9000,10/24/2018,Unauthorized Access/Disclosure,Other,Yes,38.456085,-92.288368
The Children's Hospital of Philadelphia,PA,Healthcare Provider,5368,10/23/2018,Hacking/IT Incident,Email,No,40.590752,-77.209755
Day Kimball Healthcare,CT,Healthcare Provider,698,10/22/2018,Unauthorized Access/Disclosure,Electronic Medical Record,No,41.597782,-72.755371
"CJ Elmwood Partners, L.P.",IA,Healthcare Provider,22416,10/22/2018,Hacking/IT Incident,Network Server,No,21.094318,-157.498337
"Jones Eye Center, P.C.",IA,Healthcare Provider,39605,10/22/2018,Hacking/IT Incident,Network Server,No,21.094318,-157.498337
Smith Dental Care,TX,Healthcare Provider,5000,10/17/2018,Hacking/IT Incident,"Desktop Computer, Email",No,31.054487,-97.563461
Yale University,CT,Healthcare Provider,1102,10/17/2018,Unauthorized Access/Disclosure,Paper/Films,No,41.597782,-72.755371
HealthFitness,IL,Business Associate,550,10/15/2018,Unauthorized Access/Disclosure,Other,Yes,40.349457,-88.986137
HealthFitness,IL,Business Associate,1332,10/15/2018,Unauthorized Access/Disclosure,Other,Yes,40.349457,-88.986137
Employees Retirement System of Texas,TX,Health Plan,1248263,10/15/2018,Unauthorized Access/Disclosure,Other,No,31.054487,-97.563461
FirstCare Health Plans,TX,Health Plan,8056,10/12/2018,Unauthorized Access/Disclosure,Email,No,31.054487,-97.563461
Catawba Valley Medical Center,NC,Healthcare Provider,20000,10/12/2018,Hacking/IT Incident,Email,No,35.630066,-79.806419
Indiana University School of Medicine,IN,Healthcare Provider,1431,10/11/2018,Theft,Paper/Films,No,39.849426,-86.258278
The May Eye Care Center,PA,Healthcare Provider,30000,10/11/2018,Hacking/IT Incident,"Desktop Computer, Network Server",No,40.590752,-77.209755
Hormone Logics,FL,Healthcare Provider,3000,10/10/2018,Theft,"Desktop Computer, Email, Laptop, Network Server, Other Portable Electronic Device, Paper/Films",No,38.897438,-77.026817
Cigna,CT,Health Plan,3500,10/10/2018,Hacking/IT Incident,Network Server,No,41.597782,-72.755371
Minnesota Department of Human Services,MN,Health Plan,20800,10/9/2018,Hacking/IT Incident,Email,No,45.694454,-93.900192
Oklahoma Department of Human Services,OK,Health Plan,813,10/8/2018,Hacking/IT Incident,Paper/Films,Yes,35.565342,-96.928917
Dr. Robert Carpenter,TX,Healthcare Provider,3000,10/7/2018,Hacking/IT Incident,Network Server,No,31.054487,-97.563461
Dr. Amy Woodruff,TX,Healthcare Provider,10862,10/7/2018,Hacking/IT Incident,Network Server,No,31.054487,-97.563461
"Northwest Surgical Specialists, P.C. ",WA,Healthcare Provider,2050,10/5/2018,Hacking/IT Incident,Email,No,47.400902,-121.490494
Gold Coast Health Plan,CA,Business Associate,37005,10/5/2018,Hacking/IT Incident,Email,Yes,36.116203,-119.681564
National Ambulatory Hernia Institute,CA,Healthcare Provider,15974,10/5/2018,Hacking/IT Incident,Network Server,No,36.116203,-119.681564
"Tillamook Chiropractic, PC",OR,Healthcare Provider,4058,10/3/2018,Hacking/IT Incident,"Desktop Computer, Network Server",No,44.572021,-122.070938
"Reichert Prosthetics & Orthotics, LLC",WI,Healthcare Provider,3380,9/28/2018,Theft,Other Portable Electronic Device,Yes,44.268543,-89.616508
"Toyota Industries North America, Inc. as plan sponsor to the Toyota Industries North America, Inc. Welfare Benefit Plan",IN,Health Plan,19320,9/28/2018,Hacking/IT Incident,Email,No,39.849426,-86.258278
University of Michigan/Michigan Medicine,MI,Healthcare Provider,3624,9/28/2018,Unauthorized Access/Disclosure,Paper/Films,Yes,43.326618,-84.536095
J&J MEDICAL SERVICE NETWORK INC,TX,Business Associate,2500,9/25/2018,Hacking/IT Incident,Network Server,Yes,31.054487,-97.563461
Ransom Memorial Hospital ,KS,Healthcare Provider,14329,9/25/2018,Hacking/IT Incident,Email,No,38.5266,-96.726486
"Personal Assistance Services of Colorado, LLC",CO,Healthcare Provider,1839,9/20/2018,Hacking/IT Incident,Email,No,39.059811,-105.311104
"Pulse Systems, Inc.",KS,Business Associate,722,9/19/2018,Unauthorized Access/Disclosure,Paper/Films,Yes,38.5266,-96.726486
The University of Texas Health Science Center at Houston,TX,Healthcare Provider,500,9/18/2018,Theft,Paper/Films,No,31.054487,-97.563461
"Guardant Health, Inc.",CA,Healthcare Provider,1112,9/14/2018,Hacking/IT Incident,Email,No,36.116203,-119.681564
Blue Cross & Blue Shield of Rhode Island,RI,Health Plan,1567,9/13/2018,Unauthorized Access/Disclosure,Paper/Films,Yes,41.680893,-71.51178
Leominster Dermatology LLP,MA,Healthcare Provider,500,9/13/2018,Unauthorized Access/Disclosure,Paper/Films,No,42.230171,-71.530106
"Total Diagnostix II, LLC",TX,Healthcare Provider,855,9/12/2018,Unauthorized Access/Disclosure,Network Server,No,31.054487,-97.563461
"Simonian Sports Medicine Clinic, A Medical Corporation",CA,Healthcare Provider,1541,9/10/2018,Unauthorized Access/Disclosure,Network Server,Yes,36.116203,-119.681564
Ohio Living,OH,Healthcare Provider,6510,9/7/2018,Hacking/IT Incident,Email,No,40.388783,-82.764915
"Rockdale Blackhawk, LLC d/b/a Little River Healthcare",TX,Healthcare Provider,1494,9/7/2018,Unauthorized Access/Disclosure,"Electronic Medical Record, Other",No,31.054487,-97.563461
Boston Health Care for the Homeless Program,MA,Healthcare Provider,861,9/7/2018,Unauthorized Access/Disclosure,Paper/Films,No,42.230171,-71.530106
"Catholic Charities Neighborhood Services, Inc.",NY,Healthcare Provider,565,9/7/2018,Hacking/IT Incident,Email,No,42.165726,-74.948051
J.A. Stokes Ltd.,NV,Healthcare Provider,3200,9/5/2018,Hacking/IT Incident,"Desktop Computer, Electronic Medical Record, Network Server",No,38.313515,-117.055374
Nebraska Department of Health and Human Services,NE,Health Plan,516,9/4/2018,Unauthorized Access/Disclosure,Paper/Films,No,41.12537,-98.268082
Reliable Respiratory,MA,Healthcare Provider,21311,9/1/2018,Hacking/IT Incident,Email,No,42.230171,-71.530106
Carpenters Benefit Funds of Philadelphia,PA,Health Plan,20015,8/31/2018,Hacking/IT Incident,Email,No,40.590752,-77.209755
Hopebridge,IN,Healthcare Provider,1411,8/31/2018,Hacking/IT Incident,Email,No,39.849426,-86.258278
United Methodist Homes,NY,Healthcare Provider,843,8/31/2018,Unauthorized Access/Disclosure,Email,No,42.165726,-74.948051
"David G. Simon, DMD, PA, d/b/a Simon Orthodontics",FL,Healthcare Provider,15129,8/31/2018,Hacking/IT Incident,Network Server,No,38.897438,-77.026817
Family Tree Relief Nursery,OR,Healthcare Provider,2000,8/30/2018,Hacking/IT Incident,Network Server,No,44.572021,-122.070938
"Greigh I. Hirata M.D. Inc, dba. Fetal Diagnostic Institute of the Pacific",HI,Healthcare Provider,40800,8/30/2018,Hacking/IT Incident,Network Server,No,33.040619,-83.643074
South Alamo Medical Group P.A,TX,Healthcare Provider,2180,8/30/2018,Unauthorized Access/Disclosure,"Electronic Medical Record, Email, Laptop, Network Server",No,31.054487,-97.563461
Crossroads Behavioral Health,IA,Healthcare Provider,5000,8/28/2018,Improper Disposal,Paper/Films,No,21.094318,-157.498337
First coast podiatric surgery and wound,FL,Business Associate,500,8/27/2018,Unauthorized Access/Disclosure,Network Server,Yes,38.897438,-77.026817
Family Medical Group Northeast PC,OR,Healthcare Provider,2077,8/22/2018,Unauthorized Access/Disclosure,Desktop Computer,No,44.572021,-122.070938
"Health Management Concepts, Inc.",FL,Business Associate,502416,8/22/2018,Hacking/IT Incident,Network Server,Yes,38.897438,-77.026817
Legacy Health,OR,Healthcare Provider,38000,8/20/2018,Hacking/IT Incident,Email,No,44.572021,-122.070938
"Acadiana Computer Systems, Inc.",LA,Business Associate,31151,8/17/2018,Hacking/IT Incident,Email,Yes,31.169546,-91.867805
"Chapman & Chapman, Inc.",OH,Business Associate,2032,8/17/2018,Hacking/IT Incident,Email,Yes,40.388783,-82.764915
"Monroe Operations, LLC d/b/a Newport Academy and Center for Families",TN,Healthcare Provider,1165,8/17/2018,Hacking/IT Incident,Email,No,35.747845,-86.692345
"Authentic Recovery Center, LLC",CA,Healthcare Provider,1790,8/17/2018,Hacking/IT Incident,Email,No,36.116203,-119.681564
"Wardell Orthopaedics, P.C.",VA,Healthcare Provider,552,8/16/2018,Unauthorized Access/Disclosure,Other,No,37.769337,-78.169968
University Medical Center Physicians,TX,Healthcare Provider,18500,8/16/2018,Hacking/IT Incident,Email,No,31.054487,-97.563461
"AU Medical Center, INC",GA,Healthcare Provider,417000,8/16/2018,Hacking/IT Incident,Email,No,27.766279,-81.686783
Gordon Schanzlin New Vision Institute,CA,Healthcare Provider,1130,8/10/2018,Theft,Paper/Films,No,36.116203,-119.681564
Wells Pharmacy Network,FL,Healthcare Provider,10000,8/10/2018,Unauthorized Access/Disclosure,"Email, Laptop, Other Portable Electronic Device",No,38.897438,-77.026817
"InterAct of Michigan, Inc.",MI,Healthcare Provider,1290,8/7/2018,Hacking/IT Incident,Email,No,43.326618,-84.536095
"CoreLink Administrative Solutions, LLC",ND,Business Associate,1813,8/6/2018,Hacking/IT Incident,Email,Yes,47.528912,-99.784012
"Central Colorado Dermatology, PC",CO,Healthcare Provider,4065,8/3/2018,Hacking/IT Incident,Network Server,No,39.059811,-105.311104
"CoreSource, Inc.",IL,Business Associate,769,8/3/2018,Unauthorized Access/Disclosure,Other,Yes,40.349457,-88.986137
Lane County Health & Human Services,OR,Healthcare Provider,715,8/1/2018,Loss,Paper/Films,No,44.572021,-122.070938
SSM Health St. Mary's Hospital - Jefferson City,MO,Healthcare Provider,301000,7/30/2018,Improper Disposal,Paper/Films,No,38.456085,-92.288368
Iowa Health System d/b/a UnityPoint Health ,IA,Business Associate,1421107,7/30/2018,Hacking/IT Incident,Email,Yes,21.094318,-157.498337
Confluence Health,WA,Healthcare Provider,33821,7/27/2018,Hacking/IT Incident,Email,No,47.400902,-121.490494
"Ambercare Corporation, Inc.",NM,Healthcare Provider,2284,7/27/2018,Theft,Laptop,No,34.840515,-106.248482
Institute on Aging,CA,Healthcare Provider,3907,7/20/2018,Hacking/IT Incident,Email,No,36.116203,-119.681564
Boys Town National Research Hospital,NE,Healthcare Provider,105309,7/20/2018,Hacking/IT Incident,Email,No,41.12537,-98.268082
NorthStar Anesthesia,TX,Healthcare Provider,19807,7/20/2018,Hacking/IT Incident,Email,No,31.054487,-97.563461
Orlando Orthopaedic Center,FL,Healthcare Provider,19101,7/20/2018,Unauthorized Access/Disclosure,Network Server,Yes,38.897438,-77.026817
Fairbanks North Star Borough,AK,Healthcare Provider,6346,7/19/2018,Hacking/IT Incident,Network Server,Yes,61.370716,-152.404419
"Ruben U. Carvajal, MD",NY,Healthcare Provider,3775,7/17/2018,Hacking/IT Incident,"Desktop Computer, Electronic Medical Record",No,42.165726,-74.948051
Sunspire Health ,NJ,Healthcare Provider,6737,7/16/2018,Hacking/IT Incident,Email,No,40.298904,-74.521011
PA Dept. of Human Services,PA,Healthcare Provider,2130,7/16/2018,Unauthorized Access/Disclosure,Other,No,40.590752,-77.209755
Rocky Mountain Health Care Services,CO,Healthcare Provider,1087,7/13/2018,Theft,Laptop,No,39.059811,-105.311104
Alive Hospice,TN,Healthcare Provider,1868,7/13/2018,Hacking/IT Incident,Email,No,35.747845,-86.692345
Central New York Cardiology,NY,Healthcare Provider,824,7/13/2018,Loss,Paper/Films,No,42.165726,-74.948051
Billings Clinic,MT,Healthcare Provider,8435,7/13/2018,Hacking/IT Incident,Email,No,46.921925,-110.454353
"Midwestern Regional Medical Center, Inc.",IL,Healthcare Provider,2675,7/12/2018,Unauthorized Access/Disclosure,Other,No,40.349457,-88.986137
"Blue Springs Family Care, P.C.",MO,Healthcare Provider,44979,7/10/2018,Hacking/IT Incident,"Electronic Medical Record, Network Server",No,38.456085,-92.288368
MedEvolve,AR,Business Associate,205434,7/10/2018,Unauthorized Access/Disclosure,Network Server,Yes,33.729759,-111.431221
GOLDEN HEART ADMINISTRATIVE PROFESSIONALS,AK,Business Associate,44600,7/9/2018,Hacking/IT Incident,Network Server,Yes,61.370716,-152.404419
"The Terteling Co., Inc., Group Benefit Plan ",ID,Health Plan,4824,7/6/2018,Hacking/IT Incident,Email,No,44.240459,-114.478828
Overlake arthritis and Osteoporosis Center,WA,Healthcare Provider,627,7/6/2018,Hacking/IT Incident,Desktop Computer,No,47.400902,-121.490494
VCU Health System ,VA,Healthcare Provider,4686,7/6/2018,Unauthorized Access/Disclosure,Electronic Medical Record,No,37.769337,-78.169968
Health Alliance Plan,MI,Health Plan,2814,7/5/2018,Hacking/IT Incident,"Desktop Computer, Email",No,43.326618,-84.536095
"Physician Associates, LLC",FL,Healthcare Provider,710,7/3/2018,Unauthorized Access/Disclosure,Other,Yes,38.897438,-77.026817
Advanced Orthopedic Center,FL,Healthcare Provider,1647,7/2/2018,Hacking/IT Incident,Network Server,Yes,38.897438,-77.026817
Planned Parenthood of the Heartland,IA,Healthcare Provider,515,6/29/2018,Unauthorized Access/Disclosure,Paper/Films,No,21.094318,-157.498337
Hunt Memorial Hospital District,TX,Healthcare Provider,1887,6/29/2018,Unauthorized Access/Disclosure,Email,No,31.054487,-97.563461
Arkansas Children's Hospital,AR,Healthcare Provider,4521,6/29/2018,Unauthorized Access/Disclosure,Electronic Medical Record,No,33.729759,-111.431221
State of Alaska Department of Health and Social Services,AK,Health Plan,501,6/28/2018,Hacking/IT Incident,"Desktop Computer, Email",No,61.370716,-152.404419
Children's Mercy Hospital,MO,Healthcare Provider,1463,6/27/2018,Unauthorized Access/Disclosure,Other,No,38.456085,-92.288368
Community Cancer Center,IL,Healthcare Provider,500,6/26/2018,Hacking/IT Incident,"Desktop Computer, Network Server",No,40.349457,-88.986137
University of Michigan/Michigan Medicine,MI,Healthcare Provider,871,6/25/2018,Theft,Laptop,No,43.326618,-84.536095
"InfuSystem, Inc.",MI,Healthcare Provider,3882,6/22/2018,Hacking/IT Incident,Email,No,43.326618,-84.536095
"David S. Ng, O.D.",CA,Healthcare Provider,758,6/16/2018,Theft,Other Portable Electronic Device,No,36.116203,-119.681564
New Jersey Department of Human Services,NJ,Health Plan,1263,6/15/2018,Unauthorized Access/Disclosure,Paper/Films,No,40.298904,-74.521011
CHRISTUS Spohn Hospital Corpus Christi-Shoreline,TX,Healthcare Provider,1805,6/15/2018,Theft,Paper/Films,No,31.054487,-97.563461
Dean Health Plan,WI,Health Plan,1311,6/15/2018,Unauthorized Access/Disclosure,Paper/Films,No,44.268543,-89.616508
Gwenn S Robinson MD,NM,Healthcare Provider,2500,6/14/2018,Hacking/IT Incident,Desktop Computer,No,34.840515,-106.248482
"Med Associates, Inc.",NY,Business Associate,276057,6/14/2018,Hacking/IT Incident,Desktop Computer,Yes,42.165726,-74.948051
Black River Medical Center,MO,Healthcare Provider,13443,6/13/2018,Hacking/IT Incident,Email,No,38.456085,-92.288368
"WellCare Health Plans, Inc.",FL,Health Plan,1101,6/13/2018,Unauthorized Access/Disclosure,Other,Yes,38.897438,-77.026817
"HealthEquity, Inc.",UT,Business Associate,16000,6/12/2018,Hacking/IT Incident,Email,Yes,40.150032,-111.862434
"Denise M. Bowden, LAc",CA,Healthcare Provider,538,6/11/2018,Theft,Desktop Computer,No,36.116203,-119.681564
Healthland Inc.,MN,Business Associate,614,6/10/2018,Unauthorized Access/Disclosure,Other,Yes,45.694454,-93.900192
Massac County Surgery Center dba Orthopaedic Institute Surgery Center,IL,Healthcare Provider,2000,6/8/2018,Hacking/IT Incident,Email,No,40.349457,-88.986137
"RISE Wisconsin, Inc.",WI,Healthcare Provider,3731,6/7/2018,Hacking/IT Incident,Network Server,No,44.268543,-89.616508
Benefit Outsourcing Solutions,MI,Business Associate,1144,6/7/2018,Unauthorized Access/Disclosure,Other,Yes,43.326618,-84.536095
Terros Incorporated,AZ,Healthcare Provider,1618,6/5/2018,Hacking/IT Incident,Email,No,34.969704,-92.373123
Florida Agency for Persons with Disabilities,FL,Health Plan,1951,6/1/2018,Unauthorized Access/Disclosure,Email,No,38.897438,-77.026817
Aflac,GA,Health Plan,10396,5/29/2018,Hacking/IT Incident,Email,Yes,27.766279,-81.686783
The Trustees of Purdue University,IN,Healthcare Provider,1711,5/25/2018,Hacking/IT Incident,Desktop Computer,No,39.849426,-86.258278
Aultman Hospital,OH,Healthcare Provider,42625,5/25/2018,Hacking/IT Incident,Email,No,40.388783,-82.764915
"Echo Canyon Healthcare, Incorporated dba Heritage Court Post Acute of Scottsdale",AZ,Healthcare Provider,1765,5/21/2018,Theft,Paper/Films,No,34.969704,-92.373123
Holland Eye Surgery and Laser Center,MI,Healthcare Provider,42200,5/18/2018,Hacking/IT Incident,Desktop Computer,No,43.326618,-84.536095
Associates in Psychiatry and Psychology,MN,Healthcare Provider,6546,5/18/2018,Hacking/IT Incident,Network Server,No,45.694454,-93.900192
"Capitol Administrators, Inc",CA,Business Associate,1733,5/11/2018,Hacking/IT Incident,Email,Yes,36.116203,-119.681564
Boys Town National Research Hospital,NE,,2182,5/9/2018,Hacking/IT Incident,Email,Yes,41.12537,-98.268082
"USACS Management Group, Ltd.",OH,Business Associate,15552,5/8/2018,Hacking/IT Incident,Email,Yes,40.388783,-82.764915
"Cerebral Palsy Research Foundation of Kansas, Inc.",KS,Healthcare Provider,8300,5/8/2018,Unauthorized Access/Disclosure,Network Server,No,38.5266,-96.726486
"Baystate Family Dental, Inc.",MA,Healthcare Provider,500,5/4/2018,Theft,Paper/Films,No,42.230171,-71.530106
Florida Hospital ,FL,Healthcare Provider,12724,5/3/2018,Hacking/IT Incident,Network Server,No,38.897438,-77.026817
"Complete Family Medicine, LLC",NE,Healthcare Provider,1331,4/30/2018,Theft,"Laptop, Paper/Films",No,41.12537,-98.268082
Walgreen Co.,IL,Healthcare Provider,703,4/27/2018,Theft,Paper/Films,No,40.349457,-88.986137
"Knoxville Heart Group, Inc.",TN,Healthcare Provider,15995,4/27/2018,Hacking/IT Incident,Email,No,35.747845,-86.692345
MedWatch LLC,FL,Business Associate,40621,4/27/2018,Unauthorized Access/Disclosure,Network Server,Yes,38.897438,-77.026817
"Eye Care Surgery Center, Inc. ",LA,Healthcare Provider,2553,4/27/2018,Theft,Laptop,No,31.169546,-91.867805
"Tiger Vision, LLC",LA,Healthcare Provider,2553,4/27/2018,Theft,Laptop,No,31.169546,-91.867805
"Carolina Digestive Health Associates, PA",NC,Healthcare Provider,10988,4/26/2018,Unauthorized Access/Disclosure,Desktop Computer,No,35.630066,-79.806419
CareFirst BlueCross BlueShield,MD,Health Plan,6200,4/26/2018,Hacking/IT Incident,Email,No,39.063946,-76.802101
Illinois Department of Healthcare and Family Services,IL,Health Plan,8000,4/26/2018,Unauthorized Access/Disclosure,Paper/Films,No,40.349457,-88.986137
Scenic Bluffs Health Center Inc,WI,Healthcare Provider,2889,4/24/2018,Hacking/IT Incident,Email,No,44.268543,-89.616508
Riverside Medical Center,IL,Healthcare Provider,501,4/20/2018,Theft,"Desktop Computer, Other",No,40.349457,-88.986137
Michael Gruber DMD PA,NJ,Healthcare Provider,4624,4/20/2018,Hacking/IT Incident,"Desktop Computer, Email, Network Server",No,40.298904,-74.521011
Center for Orthopaedic Specialists - Providence Medical Institute (PMI),CA,Healthcare Provider,81550,4/18/2018,Hacking/IT Incident,Network Server,No,36.116203,-119.681564
Kansas Department for Aging and Disability Services,KS,Healthcare Provider,11000,4/17/2018,Unauthorized Access/Disclosure,Desktop Computer,No,38.5266,-96.726486
Iowa Health System d/b/a UnityPoint Health,IA,Business Associate,16429,4/16/2018,Hacking/IT Incident,Email,Yes,21.094318,-157.498337
"Athens Heart Center, P.C.",GA,Healthcare Provider,12158,4/16/2018,Hacking/IT Incident,Electronic Medical Record,No,27.766279,-81.686783
Cornerstone Foot & Ankle,NJ,Healthcare Provider,533,4/16/2018,Unauthorized Access/Disclosure,Email,No,40.298904,-74.521011
"ATI Holdings, LLC and its subsidiaries",IL,Business Associate,1776,4/13/2018,Hacking/IT Incident,Email,Yes,40.349457,-88.986137
"MorshedEye, PLLC",KY,Healthcare Provider,1100,4/13/2018,Unauthorized Access/Disclosure,Email,No,37.66814,-84.670067
"Polk County Health Services, Inc",IA,Health Plan,1071,4/12/2018,Unauthorized Access/Disclosure,Email,No,21.094318,-157.498337
Atchison Hospital Association,KS,Healthcare Provider,667,4/11/2018,Hacking/IT Incident,Network Server,Yes,38.5266,-96.726486
Henry Ford Health System,MI,Healthcare Provider,1658,4/10/2018,Loss,Other Portable Electronic Device,No,43.326618,-84.536095
"ViaTech Publishing Solutions, Inc.",MN,Health Plan,896,4/10/2018,Unauthorized Access/Disclosure,Paper/Films,No,45.694454,-93.900192
"ViaTech Publishing Solutions, Inc.",MN,Health Plan,2431,4/10/2018,Unauthorized Access/Disclosure,Paper/Films,No,45.694454,-93.900192
Walgreen Co.,IL,Healthcare Provider,910,4/6/2018,Theft,Other,No,40.349457,-88.986137
Guardian Pharmacy of Jacksonville,FL,Healthcare Provider,11521,3/30/2018,Hacking/IT Incident,Email,No,38.897438,-77.026817
Children’s National Medical Center ,DC,Healthcare Provider,722,3/30/2018,Theft,Laptop,No,39.318523,-75.507141
"Milligan Chiropractic Group, Inc. d/b/a Del Mar Chiropractic Sports Group",CA,Healthcare Provider,2640,3/30/2018,Theft,Laptop,No,36.116203,-119.681564
NYC Health + Hospitals/Harlem,NY,Healthcare Provider,595,3/29/2018,Theft,Laptop,No,42.165726,-74.948051
Walmart Inc.,AR,Healthcare Provider,741,3/26/2018,Unauthorized Access/Disclosure,"Email, Other",No,33.729759,-111.431221
City of Houston Medical Plan,TX,Health Plan,34637,3/22/2018,Theft,Laptop,No,31.054487,-97.563461
"Primary Health Care, Inc.",IA,Healthcare Provider,10313,3/16/2018,Hacking/IT Incident,Email,No,21.094318,-157.498337
UnitedHealth Group Single Affiliated Covered Entity ,MN,Health Plan,1755,3/15/2018,Unauthorized Access/Disclosure,Paper/Films,No,45.694454,-93.900192
"ATI Holdings, LLC and its subsidiaries ",IL,Healthcare Provider,35136,3/12/2018,Hacking/IT Incident,Email,No,40.349457,-88.986137
Barnes-Jewish St. Peters Hospital,MO,Healthcare Provider,15046,3/12/2018,Unauthorized Access/Disclosure,Network Server,No,38.456085,-92.288368
Barnes-Jewish Hospital,MO,Healthcare Provider,18436,3/12/2018,Unauthorized Access/Disclosure,Network Server,No,38.456085,-92.288368
"Front Range Dermatology Associates, P.C.",CO,Healthcare Provider,1070,3/7/2018,Unauthorized Access/Disclosure,"Electronic Medical Record, Email, Laptop",No,39.059811,-105.311104
John J. Pershing VA Medical Center,MO,Healthcare Provider,1843,3/7/2018,Unauthorized Access/Disclosure,Paper/Films,No,38.456085,-92.288368
"Esther V. Rettig, M.D., P.A.",KS,Healthcare Provider,13500,3/1/2018,Hacking/IT Incident,"Desktop Computer, Electronic Medical Record, Network Server",No,38.5266,-96.726486
Florida Agency Persons for Disabilities,FL,Health Plan,63627,3/1/2018,Hacking/IT Incident,Email,No,38.897438,-77.026817
Memorial Hospital at Gulfport,MS,Healthcare Provider,1512,2/28/2018,Unauthorized Access/Disclosure,Email,No,32.741646,-89.678696
St. Peter's Ambulatory Surgery Center LLC - d/b/a St. Peter's Surgery & Endoscopy Center,NY,Healthcare Provider,134512,2/28/2018,Hacking/IT Incident,Network Server,No,42.165726,-74.948051
"Union Lake Supermarket, LLC",NJ,Healthcare Provider,9956,2/28/2018,Improper Disposal,Other Portable Electronic Device,No,40.298904,-74.521011
FastHealth Corporation,AL,Business Associate,1345,2/27/2018,Hacking/IT Incident,Network Server,Yes,32.806671,-86.79113
Rhode Island Executive Office of Health and Human Services,RI,Health Plan,1100,2/27/2018,Unauthorized Access/Disclosure,Paper/Films,No,41.680893,-71.51178
"QuadMed, LLC (Hillenbrand)",WI,Healthcare Provider,2471,2/26/2018,Unauthorized Access/Disclosure,Electronic Medical Record,No,44.268543,-89.616508
"QuadMed, LLC (Stoughton Trailers)",WI,Healthcare Provider,2834,2/26/2018,Unauthorized Access/Disclosure,Electronic Medical Record,No,44.268543,-89.616508
Center for Sports Medicine and Orthopedics ,TN,Healthcare Provider,800,2/26/2018,Unauthorized Access/Disclosure,Paper/Films,Yes,35.747845,-86.692345
"Walmart, Inc.",AR,Healthcare Provider,735,2/22/2018,Unauthorized Access/Disclosure,Electronic Medical Record,No,33.729759,-111.431221
Flexible Benefit Service Corporation,IL,Business Associate,5123,2/16/2018,Hacking/IT Incident,Email,Yes,40.349457,-88.986137
"Partners HealthCare System, Inc.",MA,Healthcare Provider,2450,2/5/2018,Hacking/IT Incident,"Desktop Computer, Network Server",No,42.230171,-71.530106
City of Detroit,MI,Healthcare Provider,544,2/5/2018,Loss,Other Portable Electronic Device,No,43.326618,-84.536095
"Coastal Cape Fear Eye Associates, P.A.",NC,Healthcare Provider,925,2/1/2018,Hacking/IT Incident,"Desktop Computer, Network Server",No,35.630066,-79.806419
Children's Mercy Hospital,MO,Healthcare Provider,63049,1/31/2018,Hacking/IT Incident,Email,No,38.456085,-92.288368
"QuadMed, LLC (Whirlpool)",WI,Healthcare Provider,4549,1/29/2018,Unauthorized Access/Disclosure,Electronic Medical Record,No,44.268543,-89.616508
Decatur County General Hospital,TN,Healthcare Provider,24000,1/26/2018,Hacking/IT Incident,Network Server,No,35.747845,-86.692345
Onco360 and CareMed Specialty Pharmacy ,KY,Healthcare Provider,53173,1/12/2018,Hacking/IT Incident,Email,No,37.66814,-84.670067
Palomar Health (Palomar Medical Center (Escondido),CA,Healthcare Provider,1309,1/8/2018,Unauthorized Access/Disclosure,Electronic Medical Record,No,36.116203,-119.681564
Oklahoma State University Center for Health Sciences,OK,Healthcare Provider,279865,1/5/2018,Hacking/IT Incident,Network Server,No,35.565342,-96.928917
Penn Medicine,PA,Healthcare Provider,1050,1/2/2018,Theft,Laptop,No,40.590752,-77.209755
SSM Health,MO,Healthcare Provider,29579,12/28/2017,Unauthorized Access/Disclosure,Electronic Medical Record,No,38.456085,-92.288368
"Miracle-Ear, Inc. and Amplifon (USA), Inc.",MN,Business Associate,554,12/28/2017,Hacking/IT Incident,Email,Yes,45.694454,-93.900192
Blue Cross Blue Shield of Massachusetts,MA,Health Plan,1843,12/26/2017,Unauthorized Access/Disclosure,Email,No,42.230171,-71.530106
MidMichigan Medical Center-Alpena,MI,Healthcare Provider,1900,12/19/2017,Loss,Paper/Films,No,43.326618,-84.536095
Emory Healthcare  ,GA,Healthcare Provider,24000,12/15/2017,Unauthorized Access/Disclosure,Email,No,27.766279,-81.686783
Chilton Medical Center,NJ,Healthcare Provider,4600,12/15/2017,Theft,Other Portable Electronic Device,No,40.298904,-74.521011
NYU School of Medicine - Pediatric Surgery Associates,NY,Healthcare Provider,2158,12/15/2017,Improper Disposal,Paper/Films,No,42.165726,-74.948051
Pharmacy Innovations,NY,Healthcare Provider,1205,12/12/2017,Hacking/IT Incident,Network Server,No,42.165726,-74.948051
"Franciscan Physician Network of Illinois and Specialty Physicians of Illinois, LLC (formerly known as WellGroup Health Partners, LLC)",IL,Healthcare Provider,22000,12/9/2017,Loss,Paper/Films,No,40.349457,-88.986137
"Columbus Surgery Center, LLC ",NE,Healthcare Provider,7221,12/7/2017,Hacking/IT Incident,Network Server,No,41.12537,-98.268082
"Eye Physicians, P.C.",NE,Healthcare Provider,2620,12/7/2017,Hacking/IT Incident,Network Server,No,41.12537,-98.268082
Austin Manual Therapy Associates,TX,Healthcare Provider,1750,12/6/2017,Hacking/IT Incident,"Laptop, Network Server",No,31.054487,-97.563461
Bronson Healthcare Group,MI,Healthcare Provider,8256,12/5/2017,Hacking/IT Incident,Email,No,43.326618,-84.536095
Golden Rule Insurance Company,IN,Health Plan,9305,12/4/2017,Unauthorized Access/Disclosure,Network Server,Yes,39.849426,-86.258278
Sinai Health System ,IL,Healthcare Provider,11347,12/1/2017,Hacking/IT Incident,Email,No,40.349457,-88.986137
Henry Ford Health System,MI,Healthcare Provider,43563,12/1/2017,Theft,Email,No,43.326618,-84.536095
"CCRM Minneapolis, P.C.",MN,Healthcare Provider,3280,12/1/2017,Hacking/IT Incident,Network Server,No,45.694454,-93.900192
"Pulmonary Specialists of Louisville, PSC",KY,Healthcare Provider,32000,11/27/2017,Hacking/IT Incident,Electronic Medical Record,No,37.66814,-84.670067
Metrocare Services,TX,Healthcare Provider,500,11/17/2017,Hacking/IT Incident,Email,No,31.054487,-97.563461
"The Medical College of Wisconsin, Inc.",WI,Healthcare Provider,9500,11/17/2017,Hacking/IT Incident,Email,No,44.268543,-89.616508
"Sports Medicine & Rehabilitation Therapy, Inc.",MA,Healthcare Provider,7000,11/14/2017,Hacking/IT Incident,Network Server,No,42.230171,-71.530106
"Otolaryngology Associates of Central New Jersey, P.C.",NJ,Healthcare Provider,1551,11/10/2017,Theft,Paper/Films,No,40.298904,-74.521011
The Center For Health Care Services ,TX,Healthcare Provider,501,11/8/2017,Theft,Paper/Films,No,31.054487,-97.563461
Aetna Inc.,CT,Health Plan,1600,11/8/2017,Unauthorized Access/Disclosure,Paper/Films,No,41.597782,-72.755371
Indiana University Health,IN,Healthcare Provider,1399,11/3/2017,Improper Disposal,Paper/Films,No,39.849426,-86.258278
"Shop-Rite Supermarkets, Incorporated",NY,Healthcare Provider,12172,11/3/2017,Improper Disposal,Other Portable Electronic Device,No,42.165726,-74.948051
Catholic Charities of the Diocese of Albany,NY,Healthcare Provider,4624,10/27/2017,Hacking/IT Incident,Network Server,No,42.165726,-74.948051
Cook County Health & Hospitals System,IL,Healthcare Provider,727,10/27/2017,Unauthorized Access/Disclosure,Network Server,Yes,40.349457,-88.986137
"Arch City Dental, LLC - Drs. Baloy and Donatelli",OH,Healthcare Provider,1716,10/26/2017,Unauthorized Access/Disclosure,Email,No,40.388783,-82.764915
TJ Samson Community Hospital,KY,Healthcare Provider,683,10/24/2017,Unauthorized Access/Disclosure,Electronic Medical Record,No,37.66814,-84.670067
Iowa Department of Human Services,IA,Health Plan,820,10/20/2017,Hacking/IT Incident,Email,No,21.094318,-157.498337
Bridget P Early MD LLC d/b/a Namaste Health Care,MO,Healthcare Provider,1617,10/12/2017,Hacking/IT Incident,Network Server,No,38.456085,-92.288368
John Hancock Life Insurance Company (U.S.A.),MA,Health Plan,1715,10/6/2017,Hacking/IT Incident,Network Server,No,42.230171,-71.530106
Briggs & Stratton Corporation,WI,Health Plan,12789,9/29/2017,Hacking/IT Incident,"Desktop Computer, Laptop, Network Server",No,44.268543,-89.616508
"Riaz Baber, M.D., S.C.",IL,Healthcare Provider,10500,9/28/2017,Unauthorized Access/Disclosure,Paper/Films,No,40.349457,-88.986137
MN Urology,MN,Healthcare Provider,939,9/18/2017,Unauthorized Access/Disclosure,Email,No,45.694454,-93.900192
"W. W. Grainger, Inc.",IL,Health Plan,1594,9/18/2017,Theft,Laptop,No,40.349457,-88.986137
The MS Center of Saint Louis and Mercy Clinic Neurology - Town and Country ,MO,Healthcare Provider,1081,9/16/2017,Unauthorized Access/Disclosure,Other,No,38.456085,-92.288368
"AU Medical Center, Inc.",GA,Healthcare Provider,6109,9/15/2017,Hacking/IT Incident,Email,No,27.766279,-81.686783
Medical Mutual of Ohio,OH,Health Plan,6119,9/15/2017,Unauthorized Access/Disclosure,Email,No,40.388783,-82.764915
Children's Hospital Colorado,CO,Healthcare Provider,3370,9/8/2017,Hacking/IT Incident,Email,No,39.059811,-105.311104
Network Health,WI,Health Plan,51232,9/8/2017,Hacking/IT Incident,Email,No,44.268543,-89.616508
Ridgeview Medical Center,MN,Healthcare Provider,1074,9/8/2017,Unauthorized Access/Disclosure,Email,No,45.694454,-93.900192
University of Wisconsin - Madison,WI,Healthcare Provider,1000,9/7/2017,Unauthorized Access/Disclosure,Paper/Films,No,44.268543,-89.616508
"CBS Consolidated, Inc.",NE,Business Associate,21856,9/5/2017,Hacking/IT Incident,Network Server,Yes,41.12537,-98.268082
"The Neurology Foundation, Inc.",RI,Healthcare Provider,12861,9/1/2017,Unauthorized Access/Disclosure,"Desktop Computer, Electronic Medical Record, Network Server, Other Portable Electronic Device, Paper/Films",No,41.680893,-71.51178
Aetna Inc.,CT,Health Plan,11887,8/29/2017,Unauthorized Access/Disclosure,Paper/Films,Yes,41.597782,-72.755371
Kaleida Health,NY,Healthcare Provider,744,8/25/2017,Hacking/IT Incident,Email,No,42.165726,-74.948051
"McLaren Medical Group, Mid-Michigan Physicians Imaging Center",MI,Healthcare Provider,106008,8/24/2017,Hacking/IT Incident,Network Server,No,43.326618,-84.536095
"Centura Health, Mercy Family Medicine",CO,Healthcare Provider,2069,8/16/2017,Loss,Other Portable Electronic Device,No,39.059811,-105.311104
Salina Family Healthcare Center,KS,Healthcare Provider,77337,8/16/2017,Hacking/IT Incident,"Desktop Computer, Electronic Medical Record, Network Server",No,38.5266,-96.726486
MJHS Home Care,NY,Healthcare Provider,6000,8/11/2017,Hacking/IT Incident,Email,No,42.165726,-74.948051
Silver Cross Hospital,IL,Healthcare Provider,8862,8/11/2017,Unauthorized Access/Disclosure,Network Server,Yes,40.349457,-88.986137
Surgical Dermatology Group,AL,Healthcare Provider,14000,8/5/2017,Hacking/IT Incident,Network Server,Yes,32.806671,-86.79113
"Elderplan, Inc. ",NY,Health Plan,22000,8/5/2017,Hacking/IT Incident,Email,No,42.165726,-74.948051
Spectrum Health System,MI,Healthcare Provider,902,8/3/2017,Theft,Other Portable Electronic Device,No,43.326618,-84.536095
Bluetail Medical Group,MO,Healthcare Provider,11000,8/2/2017,Hacking/IT Incident,Desktop Computer,No,38.456085,-92.288368
Daniel Drake Center for Post-Acute Care,OH,Healthcare Provider,4721,8/1/2017,Unauthorized Access/Disclosure,Electronic Medical Record,No,40.388783,-82.764915
Plastic Surgery Associates of South Dakota,SD,Healthcare Provider,10229,7/27/2017,Hacking/IT Incident,Network Server,No,44.299782,-99.438828
"Anthem, Inc.",IN,Health Plan,18580,7/24/2017,Unauthorized Access/Disclosure,Email,Yes,39.849426,-86.258278
The University of Vermont Medical Center,VT,Healthcare Provider,2300,7/21/2017,Hacking/IT Incident,Email,No,44.045876,-72.710686
Kaleida Health,NY,Healthcare Provider,2789,7/21/2017,Hacking/IT Incident,Email,No,42.165726,-74.948051
Metropolitan Life Insurance Company,NY,Health Plan,4220,7/19/2017,Unauthorized Access/Disclosure,Other,No,42.165726,-74.948051
"Women's Health Care Group of PA, LLC",PA,Healthcare Provider,300000,7/15/2017,Hacking/IT Incident,"Desktop Computer, Network Server",No,40.590752,-77.209755
Detroit Medical Center,MI,Healthcare Provider,1529,7/13/2017,Theft,"Desktop Computer, Paper/Films",No,43.326618,-84.536095
Professional Counseling & Medical Associates,TN,Healthcare Provider,2500,7/13/2017,Hacking/IT Incident,Electronic Medical Record,Yes,35.747845,-86.692345
Rosalind Franklin University of Medicine ,IL,Healthcare Provider,859,7/9/2017,Hacking/IT Incident,Email,No,40.349457,-88.986137
"Peachtree Neurological Clinic, P.C.",GA,Healthcare Provider,176295,7/7/2017,Hacking/IT Incident,Network Server,No,27.766279,-81.686783
The Dermatology Center of Raleigh PA,NC,Healthcare Provider,3000,7/5/2017,Unauthorized Access/Disclosure,Email,No,35.630066,-79.806419
"PVHS-ICM Employee Health and Wellness, LLC as covered entity and business associate",CO,Healthcare Provider,10143,7/3/2017,Hacking/IT Incident,Network Server,No,39.059811,-105.311104
Enterprise Services LLC,CO,Business Associate,822,6/30/2017,Unauthorized Access/Disclosure,"Network Server, Other",Yes,39.059811,-105.311104
Community Link Inc,WI,Health Plan,5524,6/30/2017,Hacking/IT Incident,Email,No,44.268543,-89.616508
California Pacific Orthopaedics and Sports Medicine,CA,Healthcare Provider,2263,6/30/2017,Theft,"Laptop, Paper/Films",No,36.116203,-119.681564
FastHealth Corporation,AL,Business Associate,9289,6/29/2017,Hacking/IT Incident,Network Server,Yes,32.806671,-86.79113
Enterprise Services LLC,IN,Business Associate,56075,6/27/2017,Unauthorized Access/Disclosure,"Network Server, Other",Yes,39.849426,-86.258278
GI Care for Kids Endoscopy Center,GA,Healthcare Provider,1700,6/27/2017,Hacking/IT Incident,Network Server,No,27.766279,-81.686783
Southern Illinois Hospital Services,IL,Healthcare Provider,613,6/23/2017,Unauthorized Access/Disclosure,Network Server,No,40.349457,-88.986137
Pharma Medica Research Inc.,MO,Healthcare Provider,2718,6/23/2017,Unauthorized Access/Disclosure,Network Server,No,38.456085,-92.288368
"Adams Industries, Inc.",NE,Health Plan,647,6/21/2017,Hacking/IT Incident,Network Server,No,41.12537,-98.268082
Aetna Inc.,CT,Health Plan,5002,6/20/2017,Unauthorized Access/Disclosure,Network Server,No,41.597782,-72.755371
"Airway Oxygen, Inc.",MI,Healthcare Provider,500000,6/16/2017,Hacking/IT Incident,Network Server,No,43.326618,-84.536095
"Cove Family and Sports Medicine, LLC",AL,Healthcare Provider,4300,6/12/2017,Hacking/IT Incident,Network Server,No,32.806671,-86.79113
"N. Fred Eaglstein, D.O. d/b/a Dermatology and Laser Center",FL,Healthcare Provider,2000,5/30/2017,Unauthorized Access/Disclosure,Electronic Medical Record,No,38.897438,-77.026817
UW Health,WI,Healthcare Provider,2036,5/25/2017,Hacking/IT Incident,Email,No,44.268543,-89.616508
